"record_id","scope","metric","value","as_of","confidence","source_id","boundary"
"infra-001","exact task-domain hostname query","scan observations","562","2026-08-23","high","hecavex-investigation","Public scans are not visits victims or delivery volume"
"infra-002","exact task-domain hostname query","unique task domains","298","2026-08-23","high","hecavex-investigation","Does not include one final-page-only family name"
"infra-003","local cross-role union","exact-family names","299","2026-08-24","high","hecavex-investigation","298 task domains plus one final-page-only name"
"infra-004","public DNS","A answers / unique addresses","596 / 206","2026-08-24","high for DNS","hecavex-investigation","Shared edge addresses do not identify origin ownership or operator geography"
"infra-005","bounded eight-host sample","exact / warning / Cloudflare 522","5 / 2 / 1","2026-08-24","high for sample","hecavex-investigation","Deterministic non-random sample"
"infra-006","known scripts on five exact roots","exact hash responses","15 of 15","2026-08-24","high for sample","hecavex-investigation","No JavaScript execution or form submission"
"infra-007","fixed archive-candidate check","requests / valid archives","30 GET / 0 ZIP","2026-08-24","high for checked scope","hecavex-investigation","Five root gates plus 25 fixed paths over 5 minutes 23 seconds"
"infra-008","partial broader corpus","deduplicated scans / same-shape task domains","366 / 67","2026-08-24","moderate","hecavex-investigation","Preselected by unusual path and parameter grammar"
"infra-009","one-host fixed-path response check","exact root responses / redirect","9 / 1","2026-08-24","high for checked scope","hecavex-investigation","One root hash gate plus ten fixed sequential GET requests; no browser rendering"
