path,sha256,size_bytes,media_type,description
README.md,f6a4fe7f0ffee21453ca6e7762df91029576243b5c826273f6ae1d8c64ffa822,5178,text/plain,Release documentation or provenance
README.lt.md,ae207952713fe08f5aae6a1208b6fb11a0376033a0886d2315fcc3281d386fae,1529,text/plain,Release documentation or provenance
CITATION.cff,1c55a4fbff4a00b612eef7b3047f4e91de595cae5a23b7d82f8795028f2502bc,445,application/yaml,Release documentation or provenance
CHANGELOG.md,d40eec27b81129914a7e334f0dc590c89142c7e826f3dddcba18934aef32d858,246,text/plain,Release documentation or provenance
LICENSE.md,7f41d2e3637a296f19b716c1b6c83dce5ee13861bc22351128e798b05ca0be14,313,text/plain,Release documentation or provenance
sources.csv,9eb2412bf00587216341f9eebf9f1932307ef3ca77633ddfccb9d64667d06765,820,text/plain,Release documentation or provenance
reference.py,567086765a2050ab1f9b44310abd1fb0ef068329362802ea2d9a7f1fe7290c9d,2494,text/plain,Authored offline reference model
fixtures.json,7d85e9ea5d58ec0fc70a70bd49d3e625aa5e62d1791a3c719400faeddcd5450f,5739,application/json,Synthetic fixtures and expected review results
analytic.kql,05c316660fef2c00d7e82724b72591ae6fc105030d91c39d7edf7c7d824cda1d,785,text/plain,Experimental unverified KQL candidate
