transfer_id,chain,transaction_id,block_time_utc,from_address,to_address,asset,amount,period,role,evidence_class,source_id,source_url,notes
eth-gas-origin,ethereum,0xf76fd4a0bcdd1787a2a444f3f4351ba6a7209bc877c5bce994e4bb8e68cf932a,2026-02-18T09:22:59Z,0xf30ba13e4b04Ce5dC4D254Ae5FA95477800F0EB0,0x20Ff49EA3385B6488946430Ed1d4De6d91b43cAd,ETH,0.01,pre-incident,two-hop gas origin,observed,blockscout-api,https://eth.blockscout.com/tx/0xf76fd4a0bcdd1787a2a444f3f4351ba6a7209bc877c5bce994e4bb8e68cf932a,"Etherscan labels sender Kraken Hot Wallet 2; this does not identify the customer"
eth-earliest-usdc-1,ethereum,0x592b8c3c9a858abd41f4d9bc3c9c1bf205f8dfc387bf032d4d3be60bf2a830ba,2026-07-02T00:13:11Z,0x20Ff49EA3385B6488946430Ed1d4De6d91b43cAd,0xE7983E69df17079ADb0aD7b3458488Cac0dBc573,USDC,495.907228,pre-incident,earliest stablecoin funding,observed,blockscout-api,https://eth.blockscout.com/tx/0x592b8c3c9a858abd41f4d9bc3c9c1bf205f8dfc387bf032d4d3be60bf2a830ba,Canonical USDC contract only
eth-earliest-usdc-2,ethereum,0x3d6fdd56f380d78702e775b6b99daeecfb689bd7801a0a3ccfbd3b0e92e16403,,0x20Ff49EA3385B6488946430Ed1d4De6d91b43cAd,0xE7983E69df17079ADb0aD7b3458488Cac0dBc573,USDC,994.571355,pre-incident,earliest stablecoin funding,observed,blockscout-api,https://eth.blockscout.com/tx/0x3d6fdd56f380d78702e775b6b99daeecfb689bd7801a0a3ccfbd3b0e92e16403,Canonical USDC contract only
eth-earliest-usdc-3,ethereum,0xf3e0e5d1de05137acfdd20d60f4edea89131617906e9b62a1381ae8256dcce95,,0x20Ff49EA3385B6488946430Ed1d4De6d91b43cAd,0xE7983E69df17079ADb0aD7b3458488Cac0dBc573,USDC,1122.022075,pre-incident,earliest stablecoin funding,observed,blockscout-api,https://eth.blockscout.com/tx/0xf3e0e5d1de05137acfdd20d60f4edea89131617906e9b62a1381ae8256dcce95,One of four equal-value transfers
eth-earliest-usdc-4,ethereum,0x475b7475d6287282444d336ac7dd0cac91a9e182e6ba1b6fbcebe6391ad7435c,,0x20Ff49EA3385B6488946430Ed1d4De6d91b43cAd,0xE7983E69df17079ADb0aD7b3458488Cac0dBc573,USDC,1122.022075,pre-incident,earliest stablecoin funding,observed,blockscout-api,https://eth.blockscout.com/tx/0x475b7475d6287282444d336ac7dd0cac91a9e182e6ba1b6fbcebe6391ad7435c,One of four equal-value transfers
eth-earliest-usdc-5,ethereum,0x87d1641ef86856aea55818f666c96e263bea14455445a322dda17b66a18299a2,,0x20Ff49EA3385B6488946430Ed1d4De6d91b43cAd,0xE7983E69df17079ADb0aD7b3458488Cac0dBc573,USDC,1122.022075,pre-incident,earliest stablecoin funding,observed,blockscout-api,https://eth.blockscout.com/tx/0x87d1641ef86856aea55818f666c96e263bea14455445a322dda17b66a18299a2,One of four equal-value transfers
eth-earliest-usdc-6,ethereum,0xa5570d39de40dc44eb56405a7f742ffca667ac65c3f35a390ad91fd94a11a3f3,,0x20Ff49EA3385B6488946430Ed1d4De6d91b43cAd,0xE7983E69df17079ADb0aD7b3458488Cac0dBc573,USDC,1122.022075,pre-incident,earliest stablecoin funding,observed,blockscout-api,https://eth.blockscout.com/tx/0xa5570d39de40dc44eb56405a7f742ffca667ac65c3f35a390ad91fd94a11a3f3,One of four equal-value transfers
eth-earliest-eth,ethereum,0xcdca6e6d81ff83549909b531568a6230e2d68ce2a0648c6194324ccb1f921231,2026-07-02T11:14:35Z,0x20Ff49EA3385B6488946430Ed1d4De6d91b43cAd,0xE7983E69df17079ADb0aD7b3458488Cac0dBc573,ETH,0.66427262,pre-incident,earliest native funding,observed,blockscout-api,https://eth.blockscout.com/tx/0xcdca6e6d81ff83549909b531568a6230e2d68ce2a0648c6194324ccb1f921231,Source wallet remains unlabeled
eth-seed-relay-b,ethereum,0x1587e18472c477f1ac6159596805795a6b5b7d221fc284578dfa2d732bd298ed,2026-07-18T17:00:11Z,0xE7983E69df17079ADb0aD7b3458488Cac0dBc573,0x01a9bBd0548EF211d4e0c11fF4fFb2f744B1CC80,ETH,3.287652633878153982,pre-incident,seed to relay,observed,blockscout-api,https://eth.blockscout.com/tx/0x1587e18472c477f1ac6159596805795a6b5b7d221fc284578dfa2d732bd298ed,Directly links relay to seed
eth-seed-relay-a,ethereum,0x1cb5e79c4e353c832f8f2b612edfaf3ef11356c8940b448aa730eccd5d5c5911,2026-07-18T18:09:47Z,0xE7983E69df17079ADb0aD7b3458488Cac0dBc573,0x2eD291DbbC89DdF142Bb265E848B20f0cb80704F,ETH,20.1,pre-incident,seed to relay,observed,blockscout-api,https://eth.blockscout.com/tx/0x1cb5e79c4e353c832f8f2b612edfaf3ef11356c8940b448aa730eccd5d5c5911,Directly links relay to seed
eth-relay-link,ethereum,0xb8ed8fbb169effdbc72a911dfa4387370618689127c36f3921fdcc2e17c5e4e1,,0x2eD291DbbC89DdF142Bb265E848B20f0cb80704F,0x01a9bBd0548EF211d4e0c11fF4fFb2f744B1CC80,ETH,20,pre-incident,relay consolidation,observed,blockscout-api,https://eth.blockscout.com/tx/0xb8ed8fbb169effdbc72a911dfa4387370618689127c36f3921fdcc2e17c5e4e1,Links the two seed-funded relays
harbor-eth-8,ethereum,0x497808cf1577e492ed67bf7e058c92e1ab9dd28274da24efee93afebb59e0394,2026-07-18T19:00:59Z,0x01a9bBd0548EF211d4e0c11fF4fFb2f744B1CC80,0x1F21d09C65BC8Af92634DCD5a100B6d04f0c81c3,ETH,8,pre-incident,cross-chain request with decoded BTC destination,observed-decoded,blockscout-api,https://eth.blockscout.com/tx/0x497808cf1577e492ed67bf7e058c92e1ab9dd28274da24efee93afebb59e0394,"Memo names bc1qtrw0lkv2pxd43r4n3lppex5y3gp7j87vt6mq3w"
harbor-eth-10,ethereum,0x7306831951021604da9a5cb8ec4ca8cba9851dd61009488fe40f613142f217f0,2026-07-18T19:03:11Z,0x01a9bBd0548EF211d4e0c11fF4fFb2f744B1CC80,0x1F21d09C65BC8Af92634DCD5a100B6d04f0c81c3,ETH,10,pre-incident,cross-chain request with decoded BTC destination,observed-decoded,blockscout-api,https://eth.blockscout.com/tx/0x7306831951021604da9a5cb8ec4ca8cba9851dd61009488fe40f613142f217f0,"Memo names bc1qtrw0lkv2pxd43r4n3lppex5y3gp7j87vt6mq3w"
harbor-eth-515,ethereum,0x77b62f242af6d6b79ffbe6ac9706e3196d1d815c50d581f9dbe9c062c05af006,2026-07-18T20:48:47Z,0x01a9bBd0548EF211d4e0c11fF4fFb2f744B1CC80,0x1F21d09C65BC8Af92634DCD5a100B6d04f0c81c3,ETH,5.15,pre-incident,cross-chain request with decoded BTC destination,observed-decoded,blockscout-api,https://eth.blockscout.com/tx/0x77b62f242af6d6b79ffbe6ac9706e3196d1d815c50d581f9dbe9c062c05af006,"Memo names bc1qtrw0lkv2pxd43r4n3lppex5y3gp7j87vt6mq3w"
harbor-usdt-2900,ethereum,0xd2d9bc60641000cb5ed4f863c2b2d1f3f224ce7dcec49d1c4aba208a6c0e2dc0,2026-07-18T22:32:11Z,0x01a9bBd0548EF211d4e0c11fF4fFb2f744B1CC80,0x1F21d09C65BC8Af92634DCD5a100B6d04f0c81c3,USDT,2900,pre-incident,cross-chain request with decoded BTC destination,observed-decoded,blockscout-api,https://eth.blockscout.com/tx/0xd2d9bc60641000cb5ed4f863c2b2d1f3f224ce7dcec49d1c4aba208a6c0e2dc0,"Memo names bc1qtrw0lkv2pxd43r4n3lppex5y3gp7j87vt6mq3w"
harbor-usdt-12358,ethereum,0x4a4824e8dcd057745b94183df50f2e8dbc91fb2f4c34c984883bf9834fe446ed,2026-07-18T22:40:35Z,0x01a9bBd0548EF211d4e0c11fF4fFb2f744B1CC80,0x1F21d09C65BC8Af92634DCD5a100B6d04f0c81c3,USDT,12358,pre-incident,cross-chain request with decoded BTC destination,observed-decoded,blockscout-api,https://eth.blockscout.com/tx/0x4a4824e8dcd057745b94183df50f2e8dbc91fb2f4c34c984883bf9834fe446ed,"Memo names bc1qtrw0lkv2pxd43r4n3lppex5y3gp7j87vt6mq3w"
bridgers-usdc-10000,ethereum,0xda46eb94eb0896f3cd372f4832026ea6639df117143555ad77d064eaa39d5d7b,2026-07-18T17:05:23Z,0x01a9bBd0548EF211d4e0c11fF4fFb2f744B1CC80,0xB685760EBD368a891F27ae547391F4E2A289895b,USDC,10000,pre-incident,cross-chain request with decoded BTC destination,observed-decoded,blockscout-api,https://eth.blockscout.com/tx/0xda46eb94eb0896f3cd372f4832026ea6639df117143555ad77d064eaa39d5d7b,"Destination parameter names bc1qtrw0lkv2pxd43r4n3lppex5y3gp7j87vt6mq3w"
bridgers-usdc-23590,ethereum,0x78a971ea648fa209e7f855b9ce5495506bf912c08d25a8ad41975d0d9b9b724b,2026-07-18T18:16:11Z,0x01a9bBd0548EF211d4e0c11fF4fFb2f744B1CC80,0xB685760EBD368a891F27ae547391F4E2A289895b,USDC,23590,pre-incident,cross-chain request with decoded BTC destination,observed-decoded,blockscout-api,https://eth.blockscout.com/tx/0x78a971ea648fa209e7f855b9ce5495506bf912c08d25a8ad41975d0d9b9b724b,"Destination parameter names bc1qtrw0lkv2pxd43r4n3lppex5y3gp7j87vt6mq3w"
btc-crosschain-split-1,bitcoin,221b56ce877e162a63fe41f9e50a9dfc079a5eb8c389b5b220109e4b379a0666,2026-07-18T22:53:14Z,bc1qtrw0lkv2pxd43r4n3lppex5y3gp7j87vt6mq3w,bc1q4t452dgz24zyjr5ycxqer32yug6spnfvugrh9s,BTC,1,pre-incident,round split,observed,mempool-api,https://mempool.space/tx/221b56ce877e162a63fe41f9e50a9dfc079a5eb8c389b5b220109e4b379a0666,Four-input transaction with change back to source
btc-crosschain-split-2,bitcoin,33555b9e4f34a22ad9ad04bd92afb83874c542a26083aaa089661671559f5a3f,2026-07-19T00:50:09Z,bc1qtrw0lkv2pxd43r4n3lppex5y3gp7j87vt6mq3w,bc1qeqt235mucjq9c9d97s5r9n7netrxx0mpnnkh2g,BTC,2.05,pre-incident,round split,observed,mempool-api,https://mempool.space/tx/33555b9e4f34a22ad9ad04bd92afb83874c542a26083aaa089661671559f5a3f,Thirteen-input transaction with change back to source
btc-seed-pre-sweep,bitcoin,28162d9f1a5283fcb9519a1bddd971aebb44d0d22027cd1696681341c5596587,2026-07-19T03:25:49Z,bc1qmplgt0hcg62jc2guz86wn2sms7tqrsulkkrrls,bc1qr02duy036enr4e9cv20r9cgay2alrs3em0kdzk,BTC,0.1245,pre-incident,seed sweep,observed,mempool-api,https://mempool.space/tx/28162d9f1a5283fcb9519a1bddd971aebb44d0d22027cd1696681341c5596587,Combines 56 seed UTXOs
btc-common-control,bitcoin,abb9f700bbacca228df0cee3da36466c144034b0510b827fff1336775a1610b2,2026-07-20T00:52:19Z,"bc1qr02duy036enr4e9cv20r9cgay2alrs3em0kdzk + bc1q00ztdlxtl48zuccsmul46xu98e99y8qvmkwwvd",3QEwR2BqUHXsmoco95SqpJwMHBWYTPS8XB,BTC,0.3,pre-incident,two-branch merge,observed-plus-heuristic,mempool-api,https://mempool.space/tx/abb9f700bbacca228df0cee3da36466c144034b0510b827fff1336775a1610b2,"Co-spends a seed branch and a branch funded from btc-consolidation; common-control is assessed"
eth-incident-pionex,ethereum,0xffc0f56ace1d8a63ddfbe9fd8924ee487c27c252b52be5eaf337643f3d7ca59b,2026-07-27T13:09:47Z,0xF6D4E5a7c5215F91f59a95065190CCa24bf64554,0xE7983E69df17079ADb0aD7b3458488Cac0dBc573,ETH,1.376048,incident-window,labelled first-hop source,observed,blockscout-api,https://eth.blockscout.com/tx/0xffc0f56ace1d8a63ddfbe9fd8924ee487c27c252b52be5eaf337643f3d7ca59b,Pionex hot-wallet label checked separately
eth-incident-paxos,ethereum,0x41ec8f4ebb15f78066f9b88346d6a6da33dbde2b33b55f6c2691b71a10d22a6e,2026-07-27T14:15:59Z,0x264bd8291fAE1D75DB2c5F573b07faA6715997B5,0xE7983E69df17079ADb0aD7b3458488Cac0dBc573,ETH,0.02017793,incident-window,labelled first-hop source,observed,blockscout-api,https://eth.blockscout.com/tx/0x41ec8f4ebb15f78066f9b88346d6a6da33dbde2b33b55f6c2691b71a10d22a6e,Paxos 4 label checked separately
eth-incident-crypto,ethereum,0x13ac8ea1fd2f2d209ed6ea45d520429861881619689c9229cbbe21a89cf3c734,2026-07-27T16:18:11Z,0x46340b20830761efd32832A74d7169B29FEB9758,0xE7983E69df17079ADb0aD7b3458488Cac0dBc573,ETH,0.032647,incident-window,labelled first-hop source,observed,blockscout-api,https://eth.blockscout.com/tx/0x13ac8ea1fd2f2d209ed6ea45d520429861881619689c9229cbbe21a89cf3c734,Crypto.com 12 label checked separately
eth-incident-duelbits,ethereum,0x00f70eb94abce0441d9f7ae4d451341b167e73b863de656481ea86b285aeddcf,2026-07-27T01:42:11Z,0x014435B1E39945CF4f5F0c3cbb5833195A95CC9B,0xE7983E69df17079ADb0aD7b3458488Cac0dBc573,ETH,0.0231927892344414,incident-window,labelled first-hop source,observed,blockscout-api,https://eth.blockscout.com/tx/0x00f70eb94abce0441d9f7ae4d451341b167e73b863de656481ea86b285aeddcf,Duelbits label checked separately
eth-incident-scam-tag-1,ethereum,0x69b0dcb6476c234632fc76cbe6ba93aaaa8deb8fca2294648165f17bb8def9ad,2026-07-26T23:42:47Z,0x0067CC2416F792CF0ec5629f5506324Ac508f859,0xE7983E69df17079ADb0aD7b3458488Cac0dBc573,ETH,0.7011524558937688,incident-window,publicly scam-tagged feeder,observed,blockscout-api,https://eth.blockscout.com/tx/0x69b0dcb6476c234632fc76cbe6ba93aaaa8deb8fca2294648165f17bb8def9ad,HashDit warning checked separately on Etherscan
eth-incident-scam-tag-2,ethereum,0xa98bb8c5518288547ae0524260f8ea9ef3b3094fd2b80995d82deb1b63587456,2026-07-27T09:41:35Z,0x0067CC2416F792CF0ec5629f5506324Ac508f859,0xE7983E69df17079ADb0aD7b3458488Cac0dBc573,ETH,0.010188676681410217,incident-window,publicly scam-tagged feeder,observed,blockscout-api,https://eth.blockscout.com/tx/0xa98bb8c5518288547ae0524260f8ea9ef3b3094fd2b80995d82deb1b63587456,HashDit warning checked separately on Etherscan
btc-post-sweep,bitcoin,24eb95d4aabd7f31dbfec4637978cd7fa09ada4b0dccc063a6c42906a13c9d87,2026-07-29T20:03:25Z,bc1qmplgt0hcg62jc2guz86wn2sms7tqrsulkkrrls,bc1qjekyd0dh8kp3vnvhxqxtla4u2tx8hkwh5sglm7,BTC,1.597,post-incident,seed consolidation,observed,mempool-api,https://mempool.space/tx/24eb95d4aabd7f31dbfec4637978cd7fa09ada4b0dccc063a6c42906a13c9d87,Fourteen seed UTXOs consolidated
eth-storage-1,ethereum,0xa12103123bffc25f679ca626f4694f489513ce29dbdbbb079a07393c6143aa9e,2026-07-28T18:29:47Z,0xE7983E69df17079ADb0aD7b3458488Cac0dBc573,0xaAA56521faBFE036E7A2cff721B3e37Dafff6dc9,ETH,2.884269682972020948,post-incident,native storage transfer,observed,blockscout-api,https://eth.blockscout.com/tx/0xa12103123bffc25f679ca626f4694f489513ce29dbdbbb079a07393c6143aa9e,Destination predates incident and remains unlabeled
eth-storage-2,ethereum,0xcc24dc765312ff19318d42989edf6c4d9b550d597722d078ecd870c14ff1f297,2026-07-28T18:53:35Z,0xE7983E69df17079ADb0aD7b3458488Cac0dBc573,0xaAA56521faBFE036E7A2cff721B3e37Dafff6dc9,ETH,2.615129912472369621,post-incident,native storage transfer,observed,blockscout-api,https://eth.blockscout.com/tx/0xcc24dc765312ff19318d42989edf6c4d9b550d597722d078ecd870c14ff1f297,Destination predates incident and remains unlabeled
eth-fast-relay-in,ethereum,0x0c7aee1665dd4da5fb91b03fa36bf6611939d94678867f56575e52477cbeb285,2026-08-03T22:28:35Z,0xE7983E69df17079ADb0aD7b3458488Cac0dBc573,0x81A19D2E11eb6177f9FB09D8D033a415C5cEa501,ETH,0.8,post-incident,seed to fast relay,observed,blockscout-api,https://eth.blockscout.com/tx/0x0c7aee1665dd4da5fb91b03fa36bf6611939d94678867f56575e52477cbeb285,Forwarded 144 seconds later
eth-fast-relay-out,ethereum,0x8d501bd5729ab94cf9c3cd829d3ed2b2a2f4a632ddd9d3e98f65c0582f6d885b,2026-08-03T22:30:59Z,0x81A19D2E11eb6177f9FB09D8D033a415C5cEa501,0x3dBEC89B559A6616b8F12F5A948FEfD8aEA18a01,ETH,0.7999874,post-incident,fast relay to pool,observed,blockscout-api,https://eth.blockscout.com/tx/0x8d501bd5729ab94cf9c3cd829d3ed2b2a2f4a632ddd9d3e98f65c0582f6d885b,Pool is high-volume and unlabeled
