"source_id","title","publisher","published_at","accessed_at","url","archive_url","role"
"src-primary-sms","UNIPARK-themed SMS received in Lithuania","Deividas Lis / HECAVEX","2026-08-11","2026-08-11","https://hecavex.com/en/research/unipark-smishing-campaign-infrastructure/","","primary incident evidence described in article"
"src-article","UNIPARK Smishing: From One SMS to 126 Phishing Hosts","HECAVEX","2026-08-11","2026-08-14","https://hecavex.com/en/research/unipark-smishing-campaign-infrastructure/","","publication of record and analytical boundary"
"src-rdap-fmqr","RDAP record for fmqr.ink","RDAP.org","","2026-08-11","https://rdap.org/domain/fmqr.ink","","registration snapshot"
"src-rdap-fxqro","RDAP record for fxqro.xin","RDAP.org","","2026-08-11","https://rdap.org/domain/fxqro.xin","","registration comparison"
"src-rdap-novorb","RDAP record for novorb.xyz","RDAP.org","","2026-08-11","https://rdap.org/domain/novorb.xyz","","registration comparison"
"src-certspotter-fmqr","Certificate Transparency records for fmqr.ink","Cert Spotter","","2026-08-11","https://api.certspotter.com/v1/issuances?domain=fmqr.ink&include_subdomains=true&expand=dns_names&expand=issuer","","certificate timing"
"src-urlscan-hash","Exact core SHA-256 search","URLScan","","2026-08-11","https://urlscan.io/search/#hash%3A7068d7b09a8afb99b051847dd65602e054f69c33d0cd8161ab986eae71538a2b","","exact-hash observation set"
"src-urlscan-fxqro","Earlier unipark.fxqro.xin deployment","URLScan","2026-08-04","2026-08-11","https://urlscan.io/result/019fcb92-a594-7294-870a-6ddf2467fe86/","","exact frontend match"
"src-urlscan-novorb","Earlier unipark.novorb.xyz deployment","URLScan","2026-08-03","2026-08-11","https://urlscan.io/result/019fc7ec-3431-7364-9b50-04ae1b2830e3/","","earlier core-kit observation"
"src-urlscan-console","Core asset and /console combined query","URLScan","","2026-08-11","https://urlscan.io/search/#filename%3Aconsole%20AND%20filename%3ADDXZMe5D.js","","network-path corroboration"
"src-apnic-43-153","APNIC RDAP object for 43.153.54.89","APNIC","","2026-08-11","https://rdap.apnic.net/ip/43.153.54.89","","provider and allocation context"
"src-tencent-aceville","Tencent Cloud service entity documentation","Tencent Cloud","","2026-08-11","https://intl.cloud.tencent.com/document/product/1033/32281?lang=en&pg=","","Aceville provider context"
"src-talos-jwr","Dissecting the JWR phishing framework","Cisco Talos","2026-08-13","2026-08-14","https://blog.talosintelligence.com/dissecting-the-jwr-phishing-framework/","","comparative framework analysis"
"src-talos-jwr-iocs","JWR phishing framework indicators","Cisco Talos","2026-08-13","2026-08-14","https://github.com/Cisco-Talos/IOCs/blob/main/2026/08/dissecting-the-jwr-phishing-framework.txt","","exact IOC comparison"
